Username1,Name1,Surname1,user1@gmail.com,Lviv,Ukraine,9958,489670112036078
Username2,Name2,Surname2,user2@gmail.com,Berlin,Poland,681,8285242067082144
Username3,Name3,Surname3,user3@gmail.com,NY,USA,5228,4405565415705692
Username4,Name4,Surname4,user4@gmail.com,Lublin,Germany,8582,4297673429795885
Username5,Name5,Surname5,user5@gmail.com,Berlin,Hungary,4288,7131546388240697
Username6,Name6,Surname6,user6@gmail.com,Lviv,Ukraine,9052,512940122002818
Username7,Name7,Surname7,user7@gmail.com,Berlin,Poland,8668,1701741196981703
Username8,Name8,Surname8,user8@gmail.com,NY,USA,492,6339857006797198
Username9,Name9,Surname9,user9@gmail.com,Lublin,Germany,2107,7559973402848303
Username10,Name10,Surname10,user10@gmail.com,Berlin,Hungary,8904,8427768897957890
Username11,Name11,Surname11,user11@gmail.com,Lviv,Ukraine,9234,5791446789592591
Username12,Name12,Surname12,user12@gmail.com,Berlin,Poland,4611,2141693628403076
Username13,Name13,Surname13,user13@gmail.com,NY,USA,4152,1253297908893196
Username14,Name14,Surname14,user14@gmail.com,Lublin,Germany,2441,2815126583371885
Username15,Name15,Surname15,user15@gmail.com,Berlin,Hungary,9225,7970052250688255
Username16,Name16,Surname16,user16@gmail.com,Lviv,Ukraine,4472,5878547616484653
Username17,Name17,Surname17,user17@gmail.com,Berlin,Poland,9156,1736158506976213
Username18,Name18,Surname18,user18@gmail.com,NY,USA,7660,349472614940351
Username19,Name19,Surname19,user19@gmail.com,Lublin,Germany,9831,29530467043756
Username20,Name20,Surname20,user20@gmail.com,Berlin,Hungary,6648,8248760075596584
Username21,Name21,Surname21,user21@gmail.com,Lviv,Ukraine,4490,6693295289485235
Username22,Name22,Surname22,user22@gmail.com,Berlin,Poland,1830,1804198826014156
Username23,Name23,Surname23,user23@gmail.com,NY,USA,4149,34374319766861
Username24,Name24,Surname24,user24@gmail.com,Lublin,Germany,570,1086236339545032
Username25,Name25,Surname25,user25@gmail.com,Berlin,Hungary,6994,6888564939617730
Username26,Name26,Surname26,user26@gmail.com,Lviv,Ukraine,3326,5979793651107086
Username27,Name27,Surname27,user27@gmail.com,Berlin,Poland,671,5956055001629996
Username28,Name28,Surname28,user28@gmail.com,NY,USA,911,8242948484445818
Username29,Name29,Surname29,user29@gmail.com,Lublin,Germany,8824,86411465225768
Username30,Name30,Surname30,user30@gmail.com,Berlin,Hungary,3421,4779424890794783
Username1,Name1,Surname1,user1@gmail.com,Lviv,Ukraine,6931,9128531378807920
Username2,Name2,Surname2,user2@gmail.com,Berlin,Poland,5147,2942464506097384
Username3,Name3,Surname3,user3@gmail.com,NY,USA,6731,9420590313444928
Username4,Name4,Surname4,user4@gmail.com,Lublin,Germany,9686,7711053805956165
Username5,Name5,Surname5,user5@gmail.com,Berlin,Hungary,9327,8348884573630653
Username6,Name6,Surname6,user6@gmail.com,Lviv,Ukraine,278,5024377489583600
Username7,Name7,Surname7,user7@gmail.com,Berlin,Poland,5957,390812242887403
Username8,Name8,Surname8,user8@gmail.com,NY,USA,625,6371105579168934
Username9,Name9,Surname9,user9@gmail.com,Lublin,Germany,3877,7381396874195765
Username10,Name10,Surname10,user10@gmail.com,Berlin,Hungary,7140,3731996220056266
Username11,Name11,Surname11,user11@gmail.com,Lviv,Ukraine,7769,3814296688855272
Username12,Name12,Surname12,user12@gmail.com,Berlin,Poland,1187,7829529902356003
Username13,Name13,Surname13,user13@gmail.com,NY,USA,121,8014024525721868
Username14,Name14,Surname14,user14@gmail.com,Lublin,Germany,5325,2166420752470015
Username15,Name15,Surname15,user15@gmail.com,Berlin,Hungary,2795,5855419510095226
Username16,Name16,Surname16,user16@gmail.com,Lviv,Ukraine,5931,3647218194692154
Username17,Name17,Surname17,user17@gmail.com,Berlin,Poland,4146,9327312529682524
Username18,Name18,Surname18,user18@gmail.com,NY,USA,8185,396904001842903
Username19,Name19,Surname19,user19@gmail.com,Lublin,Germany,3834,8826648639316379
Username20,Name20,Surname20,user20@gmail.com,Berlin,Hungary,5190,7012220428288749
Username21,Name21,Surname21,user21@gmail.com,Lviv,Ukraine,5465,4512998219122175
Username22,Name22,Surname22,user22@gmail.com,Berlin,Poland,6282,4764238198586024
Username23,Name23,Surname23,user23@gmail.com,NY,USA,4185,1099609206231615
Username24,Name24,Surname24,user24@gmail.com,Lublin,Germany,1319,137838415795825
Username25,Name25,Surname25,user25@gmail.com,Berlin,Hungary,7392,1324582841163191
Username26,Name26,Surname26,user26@gmail.com,Lviv,Ukraine,2792,9445274580945336
Username27,Name27,Surname27,user27@gmail.com,Berlin,Poland,6998,4334600177006544
Username28,Name28,Surname28,user28@gmail.com,NY,USA,3397,8848761145679653
Username29,Name29,Surname29,user29@gmail.com,Lublin,Germany,2364,3909564884801486
Username30,Name30,Surname30,user30@gmail.com,Berlin,Hungary,9967,4140741756351393
Username1,Name1,Surname1,user1@gmail.com,Lviv,Ukraine,3334,7299122240033484
Username2,Name2,Surname2,user2@gmail.com,Berlin,Poland,4066,740670860710179
Username3,Name3,Surname3,user3@gmail.com,NY,USA,8867,2728331927992193
Username4,Name4,Surname4,user4@gmail.com,Lublin,Germany,1086,9907486009018268
Username5,Name5,Surname5,user5@gmail.com,Berlin,Hungary,6095,6789342571394015
Username6,Name6,Surname6,user6@gmail.com,Lviv,Ukraine,7215,1872879539360308
Username7,Name7,Surname7,user7@gmail.com,Berlin,Poland,7717,6857107011254964
Username8,Name8,Surname8,user8@gmail.com,NY,USA,9026,1649495822611379
Username9,Name9,Surname9,user9@gmail.com,Lublin,Germany,6700,4225771341542321
Username10,Name10,Surname10,user10@gmail.com,Berlin,Hungary,1086,3684183553289539
Username11,Name11,Surname11,user11@gmail.com,Lviv,Ukraine,3678,876531703620768
Username12,Name12,Surname12,user12@gmail.com,Berlin,Poland,9401,4958197587114144
Username13,Name13,Surname13,user13@gmail.com,NY,USA,4861,2203178680496758
Username14,Name14,Surname14,user14@gmail.com,Lublin,Germany,8284,2414394401635531
Username15,Name15,Surname15,user15@gmail.com,Berlin,Hungary,2100,8106823896574695
Username16,Name16,Surname16,user16@gmail.com,Lviv,Ukraine,585,8304375511994304
Username17,Name17,Surname17,user17@gmail.com,Berlin,Poland,797,3484094859155886
Username18,Name18,Surname18,user18@gmail.com,NY,USA,9991,1644038618245959
Username19,Name19,Surname19,user19@gmail.com,Lublin,Germany,9562,5225220150869399
Username20,Name20,Surname20,user20@gmail.com,Berlin,Hungary,2671,7534832960246980
Username21,Name21,Surname21,user21@gmail.com,Lviv,Ukraine,2687,7541843975116864
Username22,Name22,Surname22,user22@gmail.com,Berlin,Poland,1494,5962906479655357
Username23,Name23,Surname23,user23@gmail.com,NY,USA,3476,4828360955021542
Username24,Name24,Surname24,user24@gmail.com,Lublin,Germany,5060,4018009439044201
Username25,Name25,Surname25,user25@gmail.com,Berlin,Hungary,4594,7218961323127708
Username26,Name26,Surname26,user26@gmail.com,Lviv,Ukraine,2205,4155945679404256
Username27,Name27,Surname27,user27@gmail.com,Berlin,Poland,4800,3581261984836408
Username28,Name28,Surname28,user28@gmail.com,NY,USA,4764,1657681503414707
Username29,Name29,Surname29,user29@gmail.com,Lublin,Germany,4192,1279418924737578
Username30,Name30,Surname30,user30@gmail.com,Berlin,Hungary,6473,7506438816492889
Username1,Name1,Surname1,user1@gmail.com,Lviv,Ukraine,6077,6667796303745590
Username2,Name2,Surname2,user2@gmail.com,Berlin,Poland,1130,2759154964593866
Username3,Name3,Surname3,user3@gmail.com,NY,USA,8733,529256559640700
Username4,Name4,Surname4,user4@gmail.com,Lublin,Germany,3247,7668098932588119
Username5,Name5,Surname5,user5@gmail.com,Berlin,Hungary,2611,8743099389991857
Username6,Name6,Surname6,user6@gmail.com,Lviv,Ukraine,18,6884669585008574
Username7,Name7,Surname7,user7@gmail.com,Berlin,Poland,950,7967177156529348
Username8,Name8,Surname8,user8@gmail.com,NY,USA,9373,7542294138544230
Username9,Name9,Surname9,user9@gmail.com,Lublin,Germany,791,1612719279237986
Username10,Name10,Surname10,user10@gmail.com,Berlin,Hungary,4556,150437793741475
Username11,Name11,Surname11,user11@gmail.com,Lviv,Ukraine,3385,3710954237973016
Username12,Name12,Surname12,user12@gmail.com,Berlin,Poland,9745,8048297653225385
Username13,Name13,Surname13,user13@gmail.com,NY,USA,9436,8877372578019380
Username14,Name14,Surname14,user14@gmail.com,Lublin,Germany,8242,7150141630728877
Username15,Name15,Surname15,user15@gmail.com,Berlin,Hungary,7944,322474782152875
Username16,Name16,Surname16,user16@gmail.com,Lviv,Ukraine,2247,2266205604110061
Username17,Name17,Surname17,user17@gmail.com,Berlin,Poland,9773,7552596337304873
Username18,Name18,Surname18,user18@gmail.com,NY,USA,8031,1092012036561667
Username19,Name19,Surname19,user19@gmail.com,Lublin,Germany,3274,7549130364239018
Username20,Name20,Surname20,user20@gmail.com,Berlin,Hungary,1052,5985939812667407
Username21,Name21,Surname21,user21@gmail.com,Lviv,Ukraine,9005,1307352030449569
Username22,Name22,Surname22,user22@gmail.com,Berlin,Poland,1845,5559632183976182
Username23,Name23,Surname23,user23@gmail.com,NY,USA,8487,9192704839001862
Username24,Name24,Surname24,user24@gmail.com,Lublin,Germany,1210,6997125477219688
Username25,Name25,Surname25,user25@gmail.com,Berlin,Hungary,4953,6893014300277627
Username26,Name26,Surname26,user26@gmail.com,Lviv,Ukraine,1486,6281078116452394
Username27,Name27,Surname27,user27@gmail.com,Berlin,Poland,1103,119152960933943
Username28,Name28,Surname28,user28@gmail.com,NY,USA,5721,6496145982454817
Username29,Name29,Surname29,user29@gmail.com,Lublin,Germany,1459,4502247498909082
Username30,Name30,Surname30,user30@gmail.com,Berlin,Hungary,2828,5022340695023868
Username1,Name1,Surname1,user1@gmail.com,Lviv,Ukraine,7626,6732187196427144
Username2,Name2,Surname2,user2@gmail.com,Berlin,Poland,5117,6210955016562996
Username3,Name3,Surname3,user3@gmail.com,NY,USA,1914,5368000452557060
Username4,Name4,Surname4,user4@gmail.com,Lublin,Germany,4747,4968900158300806
Username5,Name5,Surname5,user5@gmail.com,Berlin,Hungary,8510,6663111506422721
Username6,Name6,Surname6,user6@gmail.com,Lviv,Ukraine,1362,6905519033405119
Username7,Name7,Surname7,user7@gmail.com,Berlin,Poland,7593,6240553769434627
Username8,Name8,Surname8,user8@gmail.com,NY,USA,6592,4003979347260100
Username9,Name9,Surname9,user9@gmail.com,Lublin,Germany,3889,952307659761242
Username10,Name10,Surname10,user10@gmail.com,Berlin,Hungary,6886,885684185204662
Username11,Name11,Surname11,user11@gmail.com,Lviv,Ukraine,7902,8271993469177514
Username12,Name12,Surname12,user12@gmail.com,Berlin,Poland,7739,2595601489628889
Username13,Name13,Surname13,user13@gmail.com,NY,USA,5411,5102897036526064
Username14,Name14,Surname14,user14@gmail.com,Lublin,Germany,58,2260914718564235
Username15,Name15,Surname15,user15@gmail.com,Berlin,Hungary,9112,9955960728478380
Username16,Name16,Surname16,user16@gmail.com,Lviv,Ukraine,3096,1997305763603321
Username17,Name17,Surname17,user17@gmail.com,Berlin,Poland,9077,416955733261237
Username18,Name18,Surname18,user18@gmail.com,NY,USA,820,5532847139809594
Username19,Name19,Surname19,user19@gmail.com,Lublin,Germany,2377,6258096775496467
Username20,Name20,Surname20,user20@gmail.com,Berlin,Hungary,2898,3370203656413784
Username21,Name21,Surname21,user21@gmail.com,Lviv,Ukraine,7956,4364705021883706
Username22,Name22,Surname22,user22@gmail.com,Berlin,Poland,3629,1662852884230943
Username23,Name23,Surname23,user23@gmail.com,NY,USA,6785,7036677836526930
Username24,Name24,Surname24,user24@gmail.com,Lublin,Germany,9123,4151240847832655
Username25,Name25,Surname25,user25@gmail.com,Berlin,Hungary,5524,1397518836464704
Username26,Name26,Surname26,user26@gmail.com,Lviv,Ukraine,9471,5324637116575088
Username27,Name27,Surname27,user27@gmail.com,Berlin,Poland,6351,9986624519726768
Username28,Name28,Surname28,user28@gmail.com,NY,USA,269,7994678271517146
Username29,Name29,Surname29,user29@gmail.com,Lublin,Germany,9706,1978889733955662
Username30,Name30,Surname30,user30@gmail.com,Berlin,Hungary,7811,849970432765394
Username1,Name1,Surname1,user1@gmail.com,Lviv,Ukraine,261,4444047672033171
Username2,Name2,Surname2,user2@gmail.com,Berlin,Poland,7464,6683452603344395
Username3,Name3,Surname3,user3@gmail.com,NY,USA,2942,9875904454942092
Username4,Name4,Surname4,user4@gmail.com,Lublin,Germany,183,8591382669247534
Username5,Name5,Surname5,user5@gmail.com,Berlin,Hungary,4945,5519398637840423
Username6,Name6,Surname6,user6@gmail.com,Lviv,Ukraine,749,3929897522911385
Username7,Name7,Surname7,user7@gmail.com,Berlin,Poland,1746,3731352201098548
Username8,Name8,Surname8,user8@gmail.com,NY,USA,9022,8938283164418210
Username9,Name9,Surname9,user9@gmail.com,Lublin,Germany,5424,8724296918905303
Username10,Name10,Surname10,user10@gmail.com,Berlin,Hungary,7204,2882381896232382
Username11,Name11,Surname11,user11@gmail.com,Lviv,Ukraine,3061,7014841354371959
Username12,Name12,Surname12,user12@gmail.com,Berlin,Poland,9279,936086521982797
Username13,Name13,Surname13,user13@gmail.com,NY,USA,8915,5048606931009343
Username14,Name14,Surname14,user14@gmail.com,Lublin,Germany,9434,9767077615040216
Username15,Name15,Surname15,user15@gmail.com,Berlin,Hungary,7499,8541179445254952
Username16,Name16,Surname16,user16@gmail.com,Lviv,Ukraine,7756,5584029642709925
Username17,Name17,Surname17,user17@gmail.com,Berlin,Poland,9733,9669048191851358
Username18,Name18,Surname18,user18@gmail.com,NY,USA,2558,3262553091677151
Username19,Name19,Surname19,user19@gmail.com,Lublin,Germany,2819,2552532381116779
Username20,Name20,Surname20,user20@gmail.com,Berlin,Hungary,2323,3179344140314242
Username21,Name21,Surname21,user21@gmail.com,Lviv,Ukraine,1265,7026997520136418
Username22,Name22,Surname22,user22@gmail.com,Berlin,Poland,2647,8767472581802735
Username23,Name23,Surname23,user23@gmail.com,NY,USA,7072,8906939856137794
Username24,Name24,Surname24,user24@gmail.com,Lublin,Germany,4849,2041629163518508
Username25,Name25,Surname25,user25@gmail.com,Berlin,Hungary,5747,3095393070710959
Username26,Name26,Surname26,user26@gmail.com,Lviv,Ukraine,8872,2557971390868818
Username27,Name27,Surname27,user27@gmail.com,Berlin,Poland,4844,4352629566894022
Username28,Name28,Surname28,user28@gmail.com,NY,USA,3434,678390459387980
Username29,Name29,Surname29,user29@gmail.com,Lublin,Germany,4559,5246845352128637
Username30,Name30,Surname30,user30@gmail.com,Berlin,Hungary,2909,1121134537313897
Username1,Name1,Surname1,user1@gmail.com,Lviv,Ukraine,9721,8080150087878666
Username2,Name2,Surname2,user2@gmail.com,Berlin,Poland,1014,9466504033019292
Username3,Name3,Surname3,user3@gmail.com,NY,USA,8216,5240507899570961
Username4,Name4,Surname4,user4@gmail.com,Lublin,Germany,4462,6497627879706267
Username5,Name5,Surname5,user5@gmail.com,Berlin,Hungary,2097,6775174432363604
Username6,Name6,Surname6,user6@gmail.com,Lviv,Ukraine,5105,3456309399328985
Username7,Name7,Surname7,user7@gmail.com,Berlin,Poland,2618,6437923608818397
Username8,Name8,Surname8,user8@gmail.com,NY,USA,8991,8665961768590125
Username9,Name9,Surname9,user9@gmail.com,Lublin,Germany,7591,1594465036490455
Username10,Name10,Surname10,user10@gmail.com,Berlin,Hungary,736,549656395315945
Username11,Name11,Surname11,user11@gmail.com,Lviv,Ukraine,3216,1710131725083397
Username12,Name12,Surname12,user12@gmail.com,Berlin,Poland,1783,9191517742287844
Username13,Name13,Surname13,user13@gmail.com,NY,USA,6417,4541695657421132
Username14,Name14,Surname14,user14@gmail.com,Lublin,Germany,6255,36059415624669
Username15,Name15,Surname15,user15@gmail.com,Berlin,Hungary,856,265727135315811
Username16,Name16,Surname16,user16@gmail.com,Lviv,Ukraine,358,6564966030140671
Username17,Name17,Surname17,user17@gmail.com,Berlin,Poland,907,8259273079563869
Username18,Name18,Surname18,user18@gmail.com,NY,USA,1729,5221767996087037
Username19,Name19,Surname19,user19@gmail.com,Lublin,Germany,2607,8289183467295416
Username20,Name20,Surname20,user20@gmail.com,Berlin,Hungary,593,4672121612947233
Username21,Name21,Surname21,user21@gmail.com,Lviv,Ukraine,5130,5750000961072184
Username22,Name22,Surname22,user22@gmail.com,Berlin,Poland,8058,4715420183660490
Username23,Name23,Surname23,user23@gmail.com,NY,USA,3202,1305191554855094
Username24,Name24,Surname24,user24@gmail.com,Lublin,Germany,664,1228696327285428
Username25,Name25,Surname25,user25@gmail.com,Berlin,Hungary,1454,6420394918381909
Username26,Name26,Surname26,user26@gmail.com,Lviv,Ukraine,9426,5898761460803632
Username27,Name27,Surname27,user27@gmail.com,Berlin,Poland,4685,2136661812029274
Username28,Name28,Surname28,user28@gmail.com,NY,USA,6616,2058794104266108
Username29,Name29,Surname29,user29@gmail.com,Lublin,Germany,3165,3066373075346740
Username30,Name30,Surname30,user30@gmail.com,Berlin,Hungary,2575,5332502755583604
Username1,Name1,Surname1,user1@gmail.com,Lviv,Ukraine,3623,6258736199209307
Username2,Name2,Surname2,user2@gmail.com,Berlin,Poland,9245,8069962868468090
Username3,Name3,Surname3,user3@gmail.com,NY,USA,6440,8813677485249658
Username4,Name4,Surname4,user4@gmail.com,Lublin,Germany,8940,5198602081898669
Username5,Name5,Surname5,user5@gmail.com,Berlin,Hungary,8062,9361449055558538
Username6,Name6,Surname6,user6@gmail.com,Lviv,Ukraine,3984,5547983681907951
Username7,Name7,Surname7,user7@gmail.com,Berlin,Poland,2777,625793752753371
Username8,Name8,Surname8,user8@gmail.com,NY,USA,8704,4650598437860121
Username9,Name9,Surname9,user9@gmail.com,Lublin,Germany,786,9563799612118564
Username10,Name10,Surname10,user10@gmail.com,Berlin,Hungary,2180,5475770603734103
Username11,Name11,Surname11,user11@gmail.com,Lviv,Ukraine,4732,8099315438031591
Username12,Name12,Surname12,user12@gmail.com,Berlin,Poland,9142,2506139750880192
Username13,Name13,Surname13,user13@gmail.com,NY,USA,9097,6168833026436038
Username14,Name14,Surname14,user14@gmail.com,Lublin,Germany,4294,5775545108033138
Username15,Name15,Surname15,user15@gmail.com,Berlin,Hungary,297,8286653912526925
Username16,Name16,Surname16,user16@gmail.com,Lviv,Ukraine,6137,7393636649800011
Username17,Name17,Surname17,user17@gmail.com,Berlin,Poland,2518,5108627676917716
Username18,Name18,Surname18,user18@gmail.com,NY,USA,1344,1396312131971653
Username19,Name19,Surname19,user19@gmail.com,Lublin,Germany,4441,100232738059158
Username20,Name20,Surname20,user20@gmail.com,Berlin,Hungary,7031,4497432437260453
Username21,Name21,Surname21,user21@gmail.com,Lviv,Ukraine,2150,7805582899023837
Username22,Name22,Surname22,user22@gmail.com,Berlin,Poland,4920,4395627726973607
Username23,Name23,Surname23,user23@gmail.com,NY,USA,426,6877290952912121
Username24,Name24,Surname24,user24@gmail.com,Lublin,Germany,6275,3426488968871077
Username25,Name25,Surname25,user25@gmail.com,Berlin,Hungary,8734,7118673613586743
Username26,Name26,Surname26,user26@gmail.com,Lviv,Ukraine,5637,3027399088956901
Username27,Name27,Surname27,user27@gmail.com,Berlin,Poland,3638,5407673841288743
Username28,Name28,Surname28,user28@gmail.com,NY,USA,7634,6208497099211601
Username29,Name29,Surname29,user29@gmail.com,Lublin,Germany,4713,9429057944793226
Username30,Name30,Surname30,user30@gmail.com,Berlin,Hungary,6707,9453955482825370
Username1,Name1,Surname1,user1@gmail.com,Lviv,Ukraine,6571,2339543559893631
Username2,Name2,Surname2,user2@gmail.com,Berlin,Poland,9666,6288947371809899
Username3,Name3,Surname3,user3@gmail.com,NY,USA,9155,3599127636948578
Username4,Name4,Surname4,user4@gmail.com,Lublin,Germany,2575,8985257129154487
Username5,Name5,Surname5,user5@gmail.com,Berlin,Hungary,2253,1146316243981613
Username6,Name6,Surname6,user6@gmail.com,Lviv,Ukraine,994,1930158386330838
Username7,Name7,Surname7,user7@gmail.com,Berlin,Poland,862,1094050684446290
Username8,Name8,Surname8,user8@gmail.com,NY,USA,1123,5552701423371440
Username9,Name9,Surname9,user9@gmail.com,Lublin,Germany,4541,7094716203979583
Username10,Name10,Surname10,user10@gmail.com,Berlin,Hungary,4822,7466848426448562
Username11,Name11,Surname11,user11@gmail.com,Lviv,Ukraine,9967,3858454389421191
Username12,Name12,Surname12,user12@gmail.com,Berlin,Poland,6827,5272212377622238
Username13,Name13,Surname13,user13@gmail.com,NY,USA,4241,2053205812895167
Username14,Name14,Surname14,user14@gmail.com,Lublin,Germany,4904,1141680870875190
Username15,Name15,Surname15,user15@gmail.com,Berlin,Hungary,7284,6312508615052834
Username16,Name16,Surname16,user16@gmail.com,Lviv,Ukraine,1605,6399113141781814
Username17,Name17,Surname17,user17@gmail.com,Berlin,Poland,6561,5298699067273343
Username18,Name18,Surname18,user18@gmail.com,NY,USA,8521,8244922825194150
Username19,Name19,Surname19,user19@gmail.com,Lublin,Germany,5230,4781372754676099
Username20,Name20,Surname20,user20@gmail.com,Berlin,Hungary,611,2019111246116254
Username21,Name21,Surname21,user21@gmail.com,Lviv,Ukraine,6957,9562893460453630
Username22,Name22,Surname22,user22@gmail.com,Berlin,Poland,6519,7223917147026082
Username23,Name23,Surname23,user23@gmail.com,NY,USA,6535,5905491749597349
Username24,Name24,Surname24,user24@gmail.com,Lublin,Germany,5840,7302840614547985
Username25,Name25,Surname25,user25@gmail.com,Berlin,Hungary,6829,7628259469922787
Username26,Name26,Surname26,user26@gmail.com,Lviv,Ukraine,4684,8328476406543293
Username27,Name27,Surname27,user27@gmail.com,Berlin,Poland,3166,2020477911063825
Username28,Name28,Surname28,user28@gmail.com,NY,USA,880,4614608674625751
Username29,Name29,Surname29,user29@gmail.com,Lublin,Germany,921,494037182632800
Username30,Name30,Surname30,user30@gmail.com,Berlin,Hungary,2061,1545028835207382
Username1,Name1,Surname1,user1@gmail.com,Lviv,Ukraine,9490,3909347883510186
Username2,Name2,Surname2,user2@gmail.com,Berlin,Poland,8233,3649787808281628
Username3,Name3,Surname3,user3@gmail.com,NY,USA,2688,4965144873826564
Username4,Name4,Surname4,user4@gmail.com,Lublin,Germany,9898,3838746399814674
Username5,Name5,Surname5,user5@gmail.com,Berlin,Hungary,2758,7259937063869102
Username6,Name6,Surname6,user6@gmail.com,Lviv,Ukraine,7077,2063403391011855
Username7,Name7,Surname7,user7@gmail.com,Berlin,Poland,8619,7900141637191815
Username8,Name8,Surname8,user8@gmail.com,NY,USA,9839,3935848870805776
Username9,Name9,Surname9,user9@gmail.com,Lublin,Germany,9001,9486638831020418
Username10,Name10,Surname10,user10@gmail.com,Berlin,Hungary,6399,4832134445877574
Username11,Name11,Surname11,user11@gmail.com,Lviv,Ukraine,6048,4288457094860358
Username12,Name12,Surname12,user12@gmail.com,Berlin,Poland,2491,6644884311134294
Username13,Name13,Surname13,user13@gmail.com,NY,USA,8547,5664609529952356
Username14,Name14,Surname14,user14@gmail.com,Lublin,Germany,1326,6529632917927393
Username15,Name15,Surname15,user15@gmail.com,Berlin,Hungary,9153,6158915538514393
Username16,Name16,Surname16,user16@gmail.com,Lviv,Ukraine,4416,2895836413458188
Username17,Name17,Surname17,user17@gmail.com,Berlin,Poland,6110,8975440503729244
Username18,Name18,Surname18,user18@gmail.com,NY,USA,3774,9486822447373418
Username19,Name19,Surname19,user19@gmail.com,Lublin,Germany,9162,7032655833645045
Username20,Name20,Surname20,user20@gmail.com,Berlin,Hungary,8264,9501525856248730
Username21,Name21,Surname21,user21@gmail.com,Lviv,Ukraine,5406,1179942374221114
Username22,Name22,Surname22,user22@gmail.com,Berlin,Poland,7148,2950327259929250
Username23,Name23,Surname23,user23@gmail.com,NY,USA,3563,7749397563109099
Username24,Name24,Surname24,user24@gmail.com,Lublin,Germany,7151,7503761879224700
Username25,Name25,Surname25,user25@gmail.com,Berlin,Hungary,1674,3218540812988077
Username26,Name26,Surname26,user26@gmail.com,Lviv,Ukraine,4198,4234147469844587
Username27,Name27,Surname27,user27@gmail.com,Berlin,Poland,4467,3864777669224091
Username28,Name28,Surname28,user28@gmail.com,NY,USA,9371,3862084074737482
Username29,Name29,Surname29,user29@gmail.com,Lublin,Germany,5136,8047497494378704
Username30,Name30,Surname30,user30@gmail.com,Berlin,Hungary,310,8029879352091471
Username1,Name1,Surname1,user1@gmail.com,Lviv,Ukraine,1914,1576639212614314
Username2,Name2,Surname2,user2@gmail.com,Berlin,Poland,9735,7121954444802878
Username3,Name3,Surname3,user3@gmail.com,NY,USA,702,5793260577525654
Username4,Name4,Surname4,user4@gmail.com,Lublin,Germany,9829,120229036542520
Username5,Name5,Surname5,user5@gmail.com,Berlin,Hungary,2058,9066407530331952
Username6,Name6,Surname6,user6@gmail.com,Lviv,Ukraine,2945,6805903973499392
Username7,Name7,Surname7,user7@gmail.com,Berlin,Poland,1379,7682297573712851
Username8,Name8,Surname8,user8@gmail.com,NY,USA,6600,2002478088556123
Username9,Name9,Surname9,user9@gmail.com,Lublin,Germany,1837,6688320298982160
Username10,Name10,Surname10,user10@gmail.com,Berlin,Hungary,2711,6896521294817533
Username11,Name11,Surname11,user11@gmail.com,Lviv,Ukraine,7530,8597677556454186
Username12,Name12,Surname12,user12@gmail.com,Berlin,Poland,1395,3031618233032247
Username13,Name13,Surname13,user13@gmail.com,NY,USA,4162,9596277264529600
Username14,Name14,Surname14,user14@gmail.com,Lublin,Germany,8375,9594318672844458
Username15,Name15,Surname15,user15@gmail.com,Berlin,Hungary,5657,905851658891851
Username16,Name16,Surname16,user16@gmail.com,Lviv,Ukraine,5599,1164463188703870
Username17,Name17,Surname17,user17@gmail.com,Berlin,Poland,2647,342584060542425
Username18,Name18,Surname18,user18@gmail.com,NY,USA,3085,1003448210929314
Username19,Name19,Surname19,user19@gmail.com,Lublin,Germany,4153,7613291372595532
Username20,Name20,Surname20,user20@gmail.com,Berlin,Hungary,8082,8129587006374814
Username21,Name21,Surname21,user21@gmail.com,Lviv,Ukraine,6258,2570399521860449
Username22,Name22,Surname22,user22@gmail.com,Berlin,Poland,993,3231378840370484
Username23,Name23,Surname23,user23@gmail.com,NY,USA,8885,2186669736321573
Username24,Name24,Surname24,user24@gmail.com,Lublin,Germany,9524,1345689177330102
Username25,Name25,Surname25,user25@gmail.com,Berlin,Hungary,5037,1418098838943748
Username26,Name26,Surname26,user26@gmail.com,Lviv,Ukraine,2274,4531432885969608
Username27,Name27,Surname27,user27@gmail.com,Berlin,Poland,6914,6054288595784472
Username28,Name28,Surname28,user28@gmail.com,NY,USA,1430,603788723981812
Username29,Name29,Surname29,user29@gmail.com,Lublin,Germany,2381,6351395328911282
Username30,Name30,Surname30,user30@gmail.com,Berlin,Hungary,5327,6948018796484332
Username1,Name1,Surname1,user1@gmail.com,Lviv,Ukraine,9316,9135585681033412
Username2,Name2,Surname2,user2@gmail.com,Berlin,Poland,112,7473198568527146
Username3,Name3,Surname3,user3@gmail.com,NY,USA,4497,8782540767683236
Username4,Name4,Surname4,user4@gmail.com,Lublin,Germany,1029,9705580486896824
Username5,Name5,Surname5,user5@gmail.com,Berlin,Hungary,2401,8214106668216707
Username6,Name6,Surname6,user6@gmail.com,Lviv,Ukraine,3750,8464586040653674
Username7,Name7,Surname7,user7@gmail.com,Berlin,Poland,4603,4207802744733186
Username8,Name8,Surname8,user8@gmail.com,NY,USA,3038,5655276434138259
Username9,Name9,Surname9,user9@gmail.com,Lublin,Germany,4539,1708267700353598
Username10,Name10,Surname10,user10@gmail.com,Berlin,Hungary,9451,2396187666248868
Username11,Name11,Surname11,user11@gmail.com,Lviv,Ukraine,7437,4852440352746425
Username12,Name12,Surname12,user12@gmail.com,Berlin,Poland,473,4234199655530395
Username13,Name13,Surname13,user13@gmail.com,NY,USA,31,1207222278732180
Username14,Name14,Surname14,user14@gmail.com,Lublin,Germany,6150,3729755715153664
Username15,Name15,Surname15,user15@gmail.com,Berlin,Hungary,4301,3065865631658702
Username16,Name16,Surname16,user16@gmail.com,Lviv,Ukraine,603,9322950465823358
Username17,Name17,Surname17,user17@gmail.com,Berlin,Poland,6725,1355394572922990
Username18,Name18,Surname18,user18@gmail.com,NY,USA,1681,3531989249595282
Username19,Name19,Surname19,user19@gmail.com,Lublin,Germany,9575,6919104002468119
Username20,Name20,Surname20,user20@gmail.com,Berlin,Hungary,4228,2623759053132060
Username21,Name21,Surname21,user21@gmail.com,Lviv,Ukraine,1796,8219986840771805
Username22,Name22,Surname22,user22@gmail.com,Berlin,Poland,2842,741730371224225
Username23,Name23,Surname23,user23@gmail.com,NY,USA,9321,1041592765171888
Username24,Name24,Surname24,user24@gmail.com,Lublin,Germany,9657,7035407244846461
Username25,Name25,Surname25,user25@gmail.com,Berlin,Hungary,7711,6699932641228692
Username26,Name26,Surname26,user26@gmail.com,Lviv,Ukraine,3169,3365338651992418
Username27,Name27,Surname27,user27@gmail.com,Berlin,Poland,2078,2582740937572152
Username28,Name28,Surname28,user28@gmail.com,NY,USA,6298,6000481223439680
Username29,Name29,Surname29,user29@gmail.com,Lublin,Germany,18,2660584291265435
Username30,Name30,Surname30,user30@gmail.com,Berlin,Hungary,2625,2940358279170187
Username1,Name1,Surname1,user1@gmail.com,Lviv,Ukraine,2807,7949402067346640
Username2,Name2,Surname2,user2@gmail.com,Berlin,Poland,4727,7936565250470109
Username3,Name3,Surname3,user3@gmail.com,NY,USA,7863,9982844581518504
Username4,Name4,Surname4,user4@gmail.com,Lublin,Germany,3911,8485796761578404
Username5,Name5,Surname5,user5@gmail.com,Berlin,Hungary,7920,9987410215311348
Username6,Name6,Surname6,user6@gmail.com,Lviv,Ukraine,8384,5910637072659726
Username7,Name7,Surname7,user7@gmail.com,Berlin,Poland,8810,3529360502055512
Username8,Name8,Surname8,user8@gmail.com,NY,USA,1301,8219862773051125
Username9,Name9,Surname9,user9@gmail.com,Lublin,Germany,7053,7293536496749282
Username10,Name10,Surname10,user10@gmail.com,Berlin,Hungary,9276,2490134725525297
Username11,Name11,Surname11,user11@gmail.com,Lviv,Ukraine,3840,5494428655496717
Username12,Name12,Surname12,user12@gmail.com,Berlin,Poland,8558,622189456190125
Username13,Name13,Surname13,user13@gmail.com,NY,USA,9335,5625964929725780
Username14,Name14,Surname14,user14@gmail.com,Lublin,Germany,2746,527505706214561
Username15,Name15,Surname15,user15@gmail.com,Berlin,Hungary,9545,6768683589088247
Username16,Name16,Surname16,user16@gmail.com,Lviv,Ukraine,9325,5016833262411744
Username17,Name17,Surname17,user17@gmail.com,Berlin,Poland,1684,5869125413279104
Username18,Name18,Surname18,user18@gmail.com,NY,USA,5928,8300566475513829
Username19,Name19,Surname19,user19@gmail.com,Lublin,Germany,4337,1257071026355687
Username20,Name20,Surname20,user20@gmail.com,Berlin,Hungary,2827,3951950135552313
Username21,Name21,Surname21,user21@gmail.com,Lviv,Ukraine,8132,8272954704238742
Username22,Name22,Surname22,user22@gmail.com,Berlin,Poland,1934,2430060936496418
Username23,Name23,Surname23,user23@gmail.com,NY,USA,3046,8970193371228410
Username24,Name24,Surname24,user24@gmail.com,Lublin,Germany,8521,5304290914464593
Username25,Name25,Surname25,user25@gmail.com,Berlin,Hungary,8475,1785534803809849
Username26,Name26,Surname26,user26@gmail.com,Lviv,Ukraine,1047,1040003513440441
Username27,Name27,Surname27,user27@gmail.com,Berlin,Poland,1192,4131540571638701
Username28,Name28,Surname28,user28@gmail.com,NY,USA,5153,5775863500145486
Username29,Name29,Surname29,user29@gmail.com,Lublin,Germany,4125,7282239497534257
Username30,Name30,Surname30,user30@gmail.com,Berlin,Hungary,6922,1770591912984935
Username1,Name1,Surname1,user1@gmail.com,Lviv,Ukraine,5524,2625353201536140
Username2,Name2,Surname2,user2@gmail.com,Berlin,Poland,4260,6508557240670609
Username3,Name3,Surname3,user3@gmail.com,NY,USA,9389,1015957951321313
Username4,Name4,Surname4,user4@gmail.com,Lublin,Germany,6560,6639776323182713
Username5,Name5,Surname5,user5@gmail.com,Berlin,Hungary,7192,1708168063243955
Username6,Name6,Surname6,user6@gmail.com,Lviv,Ukraine,8714,2859422851419704
Username7,Name7,Surname7,user7@gmail.com,Berlin,Poland,4961,7577176055843058
Username8,Name8,Surname8,user8@gmail.com,NY,USA,9872,3082829060410934
Username9,Name9,Surname9,user9@gmail.com,Lublin,Germany,641,8236361203478848
Username10,Name10,Surname10,user10@gmail.com,Berlin,Hungary,6115,2294093914904653
Username11,Name11,Surname11,user11@gmail.com,Lviv,Ukraine,9526,9354931293753636
Username12,Name12,Surname12,user12@gmail.com,Berlin,Poland,204,2745370473885202
Username13,Name13,Surname13,user13@gmail.com,NY,USA,5328,3521928284401299
Username14,Name14,Surname14,user14@gmail.com,Lublin,Germany,9700,6217220115164679
Username15,Name15,Surname15,user15@gmail.com,Berlin,Hungary,4718,182139739834952
Username16,Name16,Surname16,user16@gmail.com,Lviv,Ukraine,9236,7988525798319228
Username17,Name17,Surname17,user17@gmail.com,Berlin,Poland,3429,5812040639696436
Username18,Name18,Surname18,user18@gmail.com,NY,USA,3253,8520703453715073
Username19,Name19,Surname19,user19@gmail.com,Lublin,Germany,7245,5801211557594725
Username20,Name20,Surname20,user20@gmail.com,Berlin,Hungary,6108,7695865397760659
Username21,Name21,Surname21,user21@gmail.com,Lviv,Ukraine,81,292210282672096
Username22,Name22,Surname22,user22@gmail.com,Berlin,Poland,5674,8326715543257639
Username23,Name23,Surname23,user23@gmail.com,NY,USA,9352,3673927058893440
Username24,Name24,Surname24,user24@gmail.com,Lublin,Germany,4312,9688775280621710
Username25,Name25,Surname25,user25@gmail.com,Berlin,Hungary,5387,4070608736084102
Username26,Name26,Surname26,user26@gmail.com,Lviv,Ukraine,6602,6369979838563524
Username27,Name27,Surname27,user27@gmail.com,Berlin,Poland,9631,1753430057580558
Username28,Name28,Surname28,user28@gmail.com,NY,USA,6514,7003021507424221
Username29,Name29,Surname29,user29@gmail.com,Lublin,Germany,2352,8668926146671452
Username30,Name30,Surname30,user30@gmail.com,Berlin,Hungary,9590,915265376784544
Username1,Name1,Surname1,user1@gmail.com,Lviv,Ukraine,4560,4757682206560827
Username2,Name2,Surname2,user2@gmail.com,Berlin,Poland,452,958394309670449
Username3,Name3,Surname3,user3@gmail.com,NY,USA,2748,9417191370273226
Username4,Name4,Surname4,user4@gmail.com,Lublin,Germany,5009,4657487897520662
Username5,Name5,Surname5,user5@gmail.com,Berlin,Hungary,4654,3824098566338694
Username6,Name6,Surname6,user6@gmail.com,Lviv,Ukraine,5769,8028941451814313
Username7,Name7,Surname7,user7@gmail.com,Berlin,Poland,2874,6673715332382817
Username8,Name8,Surname8,user8@gmail.com,NY,USA,721,5852927181208947
Username9,Name9,Surname9,user9@gmail.com,Lublin,Germany,9684,8389174588915789
Username10,Name10,Surname10,user10@gmail.com,Berlin,Hungary,1995,7663751998464357
Username11,Name11,Surname11,user11@gmail.com,Lviv,Ukraine,3225,6500624645548794
Username12,Name12,Surname12,user12@gmail.com,Berlin,Poland,4649,7534415803420693
Username13,Name13,Surname13,user13@gmail.com,NY,USA,8217,9202393261628460
Username14,Name14,Surname14,user14@gmail.com,Lublin,Germany,7376,8230538991976351
Username15,Name15,Surname15,user15@gmail.com,Berlin,Hungary,9030,5906887811926371
Username16,Name16,Surname16,user16@gmail.com,Lviv,Ukraine,2982,6950053472631785
Username17,Name17,Surname17,user17@gmail.com,Berlin,Poland,87,6796871564211313
Username18,Name18,Surname18,user18@gmail.com,NY,USA,6509,3349116290431984
Username19,Name19,Surname19,user19@gmail.com,Lublin,Germany,2630,7693395400818808
Username20,Name20,Surname20,user20@gmail.com,Berlin,Hungary,4344,1564120668044106
Username21,Name21,Surname21,user21@gmail.com,Lviv,Ukraine,4425,2317616204184323
Username22,Name22,Surname22,user22@gmail.com,Berlin,Poland,820,8582270098286295
Username23,Name23,Surname23,user23@gmail.com,NY,USA,263,3679737463965988
Username24,Name24,Surname24,user24@gmail.com,Lublin,Germany,4248,2327210946823477
Username25,Name25,Surname25,user25@gmail.com,Berlin,Hungary,5502,3986583730504769
Username26,Name26,Surname26,user26@gmail.com,Lviv,Ukraine,7039,8059253824931010
Username27,Name27,Surname27,user27@gmail.com,Berlin,Poland,9714,2763231323889568
Username28,Name28,Surname28,user28@gmail.com,NY,USA,4088,8208687287790726
Username29,Name29,Surname29,user29@gmail.com,Lublin,Germany,3107,9943318537415188
Username30,Name30,Surname30,user30@gmail.com,Berlin,Hungary,5990,2802961021974934
Username1,Name1,Surname1,user1@gmail.com,Lviv,Ukraine,9087,3198517553978230
Username2,Name2,Surname2,user2@gmail.com,Berlin,Poland,9864,8042157145877213
Username3,Name3,Surname3,user3@gmail.com,NY,USA,8701,9805848488351878
Username4,Name4,Surname4,user4@gmail.com,Lublin,Germany,4900,6781566347583952
Username5,Name5,Surname5,user5@gmail.com,Berlin,Hungary,3842,4823796398657665
Username6,Name6,Surname6,user6@gmail.com,Lviv,Ukraine,8856,469198924311584
Username7,Name7,Surname7,user7@gmail.com,Berlin,Poland,1558,5549373207429940
Username8,Name8,Surname8,user8@gmail.com,NY,USA,4956,1701056787275034
Username9,Name9,Surname9,user9@gmail.com,Lublin,Germany,2944,5620555798749804
Username10,Name10,Surname10,user10@gmail.com,Berlin,Hungary,5642,3697792594988986
Username11,Name11,Surname11,user11@gmail.com,Lviv,Ukraine,6934,3421466018649020
Username12,Name12,Surname12,user12@gmail.com,Berlin,Poland,8476,8794348753465777
Username13,Name13,Surname13,user13@gmail.com,NY,USA,7501,1570366663335363
Username14,Name14,Surname14,user14@gmail.com,Lublin,Germany,7724,2562468853230930
Username15,Name15,Surname15,user15@gmail.com,Berlin,Hungary,4687,2344998169849610
Username16,Name16,Surname16,user16@gmail.com,Lviv,Ukraine,9460,3766514874472411
Username17,Name17,Surname17,user17@gmail.com,Berlin,Poland,3818,2892591113358866
Username18,Name18,Surname18,user18@gmail.com,NY,USA,8622,4445243959711422
Username19,Name19,Surname19,user19@gmail.com,Lublin,Germany,6679,9008806038518034
Username20,Name20,Surname20,user20@gmail.com,Berlin,Hungary,6872,4654516272283422
Username21,Name21,Surname21,user21@gmail.com,Lviv,Ukraine,3986,4399141528248640
Username22,Name22,Surname22,user22@gmail.com,Berlin,Poland,6371,3279437424797127
Username23,Name23,Surname23,user23@gmail.com,NY,USA,3788,7097558410505846
Username24,Name24,Surname24,user24@gmail.com,Lublin,Germany,3279,2405361960771763
Username25,Name25,Surname25,user25@gmail.com,Berlin,Hungary,8985,106111583885342
Username26,Name26,Surname26,user26@gmail.com,Lviv,Ukraine,2524,2080479223944495
Username27,Name27,Surname27,user27@gmail.com,Berlin,Poland,9925,3198889022396354
Username28,Name28,Surname28,user28@gmail.com,NY,USA,1322,6594610032258397
Username29,Name29,Surname29,user29@gmail.com,Lublin,Germany,8255,2962601409840215
Username30,Name30,Surname30,user30@gmail.com,Berlin,Hungary,3764,4057476875995349
Username1,Name1,Surname1,user1@gmail.com,Lviv,Ukraine,4344,4809110903515905
Username2,Name2,Surname2,user2@gmail.com,Berlin,Poland,2778,7328544294589150
Username3,Name3,Surname3,user3@gmail.com,NY,USA,7859,3819612354855772
Username4,Name4,Surname4,user4@gmail.com,Lublin,Germany,3898,9909976719379138
Username5,Name5,Surname5,user5@gmail.com,Berlin,Hungary,3738,1310020105601410
Username6,Name6,Surname6,user6@gmail.com,Lviv,Ukraine,3495,7907658455041418
Username7,Name7,Surname7,user7@gmail.com,Berlin,Poland,4193,6600400255088203
Username8,Name8,Surname8,user8@gmail.com,NY,USA,3997,7113754119266593
Username9,Name9,Surname9,user9@gmail.com,Lublin,Germany,6316,6628034999690766
Username10,Name10,Surname10,user10@gmail.com,Berlin,Hungary,8110,2319816786026327
Username11,Name11,Surname11,user11@gmail.com,Lviv,Ukraine,8690,2347611007532029
Username12,Name12,Surname12,user12@gmail.com,Berlin,Poland,7537,6587745343641493
Username13,Name13,Surname13,user13@gmail.com,NY,USA,8357,7883394605086815
Username14,Name14,Surname14,user14@gmail.com,Lublin,Germany,3989,2675857447607774
Username15,Name15,Surname15,user15@gmail.com,Berlin,Hungary,8131,4442489021893265
Username16,Name16,Surname16,user16@gmail.com,Lviv,Ukraine,4905,9803633647212960
Username17,Name17,Surname17,user17@gmail.com,Berlin,Poland,8583,8875618886514065
Username18,Name18,Surname18,user18@gmail.com,NY,USA,2819,1444342806899634
Username19,Name19,Surname19,user19@gmail.com,Lublin,Germany,7103,2412248462825579
Username20,Name20,Surname20,user20@gmail.com,Berlin,Hungary,9533,5831120445094182
Username21,Name21,Surname21,user21@gmail.com,Lviv,Ukraine,7152,4819301781260252
Username22,Name22,Surname22,user22@gmail.com,Berlin,Poland,7308,1978566585717636
Username23,Name23,Surname23,user23@gmail.com,NY,USA,304,2057597645396802
Username24,Name24,Surname24,user24@gmail.com,Lublin,Germany,9766,682705490978694
Username25,Name25,Surname25,user25@gmail.com,Berlin,Hungary,715,4290450136136527
Username26,Name26,Surname26,user26@gmail.com,Lviv,Ukraine,1109,2894109765298700
Username27,Name27,Surname27,user27@gmail.com,Berlin,Poland,7801,8357387000541294
Username28,Name28,Surname28,user28@gmail.com,NY,USA,4736,7820010655520293
Username29,Name29,Surname29,user29@gmail.com,Lublin,Germany,4693,4335393751541185
Username30,Name30,Surname30,user30@gmail.com,Berlin,Hungary,6887,3839493677456214
Username1,Name1,Surname1,user1@gmail.com,Lviv,Ukraine,1446,7308157665426815
Username2,Name2,Surname2,user2@gmail.com,Berlin,Poland,8918,5843788137996668
Username3,Name3,Surname3,user3@gmail.com,NY,USA,6883,5964624718579905
Username4,Name4,Surname4,user4@gmail.com,Lublin,Germany,2060,3134562951458011
Username5,Name5,Surname5,user5@gmail.com,Berlin,Hungary,2266,3996356783742263
Username6,Name6,Surname6,user6@gmail.com,Lviv,Ukraine,8259,6235025128076326
Username7,Name7,Surname7,user7@gmail.com,Berlin,Poland,5713,7945551605640919
Username8,Name8,Surname8,user8@gmail.com,NY,USA,70,4654304671849805
Username9,Name9,Surname9,user9@gmail.com,Lublin,Germany,9209,8996533726682754
Username10,Name10,Surname10,user10@gmail.com,Berlin,Hungary,7373,8189222268670300
Username11,Name11,Surname11,user11@gmail.com,Lviv,Ukraine,9507,7925683148931215
Username12,Name12,Surname12,user12@gmail.com,Berlin,Poland,4434,8370970995999598
Username13,Name13,Surname13,user13@gmail.com,NY,USA,6356,4167946718041884
Username14,Name14,Surname14,user14@gmail.com,Lublin,Germany,8309,7452160123741378
Username15,Name15,Surname15,user15@gmail.com,Berlin,Hungary,7580,1549072691693120
Username16,Name16,Surname16,user16@gmail.com,Lviv,Ukraine,9772,1746787955926376
Username17,Name17,Surname17,user17@gmail.com,Berlin,Poland,3928,387813159421455
Username18,Name18,Surname18,user18@gmail.com,NY,USA,5140,1794704979028767
Username19,Name19,Surname19,user19@gmail.com,Lublin,Germany,5728,87486195438497
Username20,Name20,Surname20,user20@gmail.com,Berlin,Hungary,3349,6975999946788591
Username21,Name21,Surname21,user21@gmail.com,Lviv,Ukraine,4585,5808635145794885
Username22,Name22,Surname22,user22@gmail.com,Berlin,Poland,7316,1670700336027109
Username23,Name23,Surname23,user23@gmail.com,NY,USA,1474,5128480848861285
Username24,Name24,Surname24,user24@gmail.com,Lublin,Germany,680,325225118775045
Username25,Name25,Surname25,user25@gmail.com,Berlin,Hungary,5704,1913123925607214
Username26,Name26,Surname26,user26@gmail.com,Lviv,Ukraine,3723,8105490953539640
Username27,Name27,Surname27,user27@gmail.com,Berlin,Poland,5321,448615908398299
Username28,Name28,Surname28,user28@gmail.com,NY,USA,9956,7690590850500523
Username29,Name29,Surname29,user29@gmail.com,Lublin,Germany,5180,2156904299256290
Username30,Name30,Surname30,user30@gmail.com,Berlin,Hungary,6547,9130828944470316
Username1,Name1,Surname1,user1@gmail.com,Lviv,Ukraine,4033,986690035722468
Username2,Name2,Surname2,user2@gmail.com,Berlin,Poland,3283,6073990865571544
Username3,Name3,Surname3,user3@gmail.com,NY,USA,1522,977680257319233
Username4,Name4,Surname4,user4@gmail.com,Lublin,Germany,1242,5410978255447778
Username5,Name5,Surname5,user5@gmail.com,Berlin,Hungary,7047,6245054312885148
Username6,Name6,Surname6,user6@gmail.com,Lviv,Ukraine,6629,2298277675825808
Username7,Name7,Surname7,user7@gmail.com,Berlin,Poland,5472,8790469578427305
Username8,Name8,Surname8,user8@gmail.com,NY,USA,5332,8095386804606106
Username9,Name9,Surname9,user9@gmail.com,Lublin,Germany,9424,8092231682160129
Username10,Name10,Surname10,user10@gmail.com,Berlin,Hungary,761,745881569091582
Username11,Name11,Surname11,user11@gmail.com,Lviv,Ukraine,871,7710150183010467
Username12,Name12,Surname12,user12@gmail.com,Berlin,Poland,996,306901760610132
Username13,Name13,Surname13,user13@gmail.com,NY,USA,8958,6265552355486770
Username14,Name14,Surname14,user14@gmail.com,Lublin,Germany,5467,1193084964074173
Username15,Name15,Surname15,user15@gmail.com,Berlin,Hungary,6745,2559935989208437
Username16,Name16,Surname16,user16@gmail.com,Lviv,Ukraine,7855,8979074271909513
Username17,Name17,Surname17,user17@gmail.com,Berlin,Poland,2550,9596666475862248
Username18,Name18,Surname18,user18@gmail.com,NY,USA,4156,3596352058735119
Username19,Name19,Surname19,user19@gmail.com,Lublin,Germany,8418,8005980585719867
Username20,Name20,Surname20,user20@gmail.com,Berlin,Hungary,7562,1293814389416914
Username21,Name21,Surname21,user21@gmail.com,Lviv,Ukraine,1162,6405078913739071
Username22,Name22,Surname22,user22@gmail.com,Berlin,Poland,4344,906570982012575
Username23,Name23,Surname23,user23@gmail.com,NY,USA,7842,5860537634929239
Username24,Name24,Surname24,user24@gmail.com,Lublin,Germany,515,2364763802551470
Username25,Name25,Surname25,user25@gmail.com,Berlin,Hungary,9266,4371276788115594
Username26,Name26,Surname26,user26@gmail.com,Lviv,Ukraine,439,3813673283313792
Username27,Name27,Surname27,user27@gmail.com,Berlin,Poland,4799,6835538994108026
Username28,Name28,Surname28,user28@gmail.com,NY,USA,1514,2864041036986939
Username29,Name29,Surname29,user29@gmail.com,Lublin,Germany,9274,307106542884687
Username30,Name30,Surname30,user30@gmail.com,Berlin,Hungary,6734,9603879891219584
Username1,Name1,Surname1,user1@gmail.com,Lviv,Ukraine,2447,3735578753125772
Username2,Name2,Surname2,user2@gmail.com,Berlin,Poland,7992,1558605082606212
Username3,Name3,Surname3,user3@gmail.com,NY,USA,2179,3716725479152409
Username4,Name4,Surname4,user4@gmail.com,Lublin,Germany,5439,1389965971722844
Username5,Name5,Surname5,user5@gmail.com,Berlin,Hungary,3425,4007630435500160
Username6,Name6,Surname6,user6@gmail.com,Lviv,Ukraine,2434,9550330250944586
Username7,Name7,Surname7,user7@gmail.com,Berlin,Poland,5666,9267336409223346
Username8,Name8,Surname8,user8@gmail.com,NY,USA,2025,1471191622763568
Username9,Name9,Surname9,user9@gmail.com,Lublin,Germany,2881,3986095238379581
Username10,Name10,Surname10,user10@gmail.com,Berlin,Hungary,8944,8702618313179078
Username11,Name11,Surname11,user11@gmail.com,Lviv,Ukraine,9540,2395134082230632
Username12,Name12,Surname12,user12@gmail.com,Berlin,Poland,6030,8448265191562983
Username13,Name13,Surname13,user13@gmail.com,NY,USA,3468,6835861422397240
Username14,Name14,Surname14,user14@gmail.com,Lublin,Germany,9829,6213160503338404
Username15,Name15,Surname15,user15@gmail.com,Berlin,Hungary,2394,5474168278224192
Username16,Name16,Surname16,user16@gmail.com,Lviv,Ukraine,4592,2010437002313558
Username17,Name17,Surname17,user17@gmail.com,Berlin,Poland,5253,6761906259055230
Username18,Name18,Surname18,user18@gmail.com,NY,USA,4714,3444193068434149
Username19,Name19,Surname19,user19@gmail.com,Lublin,Germany,1228,395523670489148
Username20,Name20,Surname20,user20@gmail.com,Berlin,Hungary,5856,4924832442075597
Username21,Name21,Surname21,user21@gmail.com,Lviv,Ukraine,2436,661013501865772
Username22,Name22,Surname22,user22@gmail.com,Berlin,Poland,6525,7489525118604552
Username23,Name23,Surname23,user23@gmail.com,NY,USA,2836,4914314201250833
Username24,Name24,Surname24,user24@gmail.com,Lublin,Germany,7539,756370646752482
Username25,Name25,Surname25,user25@gmail.com,Berlin,Hungary,103,4439278097602308
Username26,Name26,Surname26,user26@gmail.com,Lviv,Ukraine,6976,5567106370544821
Username27,Name27,Surname27,user27@gmail.com,Berlin,Poland,7082,5088849931774546
Username28,Name28,Surname28,user28@gmail.com,NY,USA,3688,3173417509968510
Username29,Name29,Surname29,user29@gmail.com,Lublin,Germany,6022,9324269469972096
Username30,Name30,Surname30,user30@gmail.com,Berlin,Hungary,7061,418554920523666
Username1,Name1,Surname1,user1@gmail.com,Lviv,Ukraine,614,8013231494397446
Username2,Name2,Surname2,user2@gmail.com,Berlin,Poland,4539,910487986867081
Username3,Name3,Surname3,user3@gmail.com,NY,USA,9692,6908796278529312
Username4,Name4,Surname4,user4@gmail.com,Lublin,Germany,296,2055256980634006
Username5,Name5,Surname5,user5@gmail.com,Berlin,Hungary,5462,2056881840934101
Username6,Name6,Surname6,user6@gmail.com,Lviv,Ukraine,3053,9059416788541668
Username7,Name7,Surname7,user7@gmail.com,Berlin,Poland,1198,3623983438633737
Username8,Name8,Surname8,user8@gmail.com,NY,USA,3723,4160011307935070
Username9,Name9,Surname9,user9@gmail.com,Lublin,Germany,5547,5539305004749484
Username10,Name10,Surname10,user10@gmail.com,Berlin,Hungary,7129,2083237236867698
Username11,Name11,Surname11,user11@gmail.com,Lviv,Ukraine,4873,4778461697362766
Username12,Name12,Surname12,user12@gmail.com,Berlin,Poland,6143,3779538310310921
Username13,Name13,Surname13,user13@gmail.com,NY,USA,9565,1851321139698167
Username14,Name14,Surname14,user14@gmail.com,Lublin,Germany,6782,69790496750941
Username15,Name15,Surname15,user15@gmail.com,Berlin,Hungary,4596,4417562510133632
Username16,Name16,Surname16,user16@gmail.com,Lviv,Ukraine,5358,2089392902656661
Username17,Name17,Surname17,user17@gmail.com,Berlin,Poland,8601,6210067829591646
Username18,Name18,Surname18,user18@gmail.com,NY,USA,4685,5983017013078962
Username19,Name19,Surname19,user19@gmail.com,Lublin,Germany,300,6488927866011951
Username20,Name20,Surname20,user20@gmail.com,Berlin,Hungary,9681,2191074387457150
Username21,Name21,Surname21,user21@gmail.com,Lviv,Ukraine,3785,2382839200965003
Username22,Name22,Surname22,user22@gmail.com,Berlin,Poland,1695,2944354252081185
Username23,Name23,Surname23,user23@gmail.com,NY,USA,4068,1324907553559673
Username24,Name24,Surname24,user24@gmail.com,Lublin,Germany,6843,9523853646027506
Username25,Name25,Surname25,user25@gmail.com,Berlin,Hungary,6528,8461358009098368
Username26,Name26,Surname26,user26@gmail.com,Lviv,Ukraine,9382,6356387781135697
Username27,Name27,Surname27,user27@gmail.com,Berlin,Poland,9880,7623174923664520
Username28,Name28,Surname28,user28@gmail.com,NY,USA,3443,7365329449793319
Username29,Name29,Surname29,user29@gmail.com,Lublin,Germany,6187,2035496341707681
Username30,Name30,Surname30,user30@gmail.com,Berlin,Hungary,5289,8782937916226194
Username1,Name1,Surname1,user1@gmail.com,Lviv,Ukraine,1617,3350247873260046
Username2,Name2,Surname2,user2@gmail.com,Berlin,Poland,4760,592987701312877
Username3,Name3,Surname3,user3@gmail.com,NY,USA,209,2556599727959610
Username4,Name4,Surname4,user4@gmail.com,Lublin,Germany,2818,6375073988012430
Username5,Name5,Surname5,user5@gmail.com,Berlin,Hungary,2397,8378556110284117
Username6,Name6,Surname6,user6@gmail.com,Lviv,Ukraine,8871,3149596926573874
Username7,Name7,Surname7,user7@gmail.com,Berlin,Poland,2335,6153032737253421
Username8,Name8,Surname8,user8@gmail.com,NY,USA,8214,2858599456420083
Username9,Name9,Surname9,user9@gmail.com,Lublin,Germany,6504,9188679478082200
Username10,Name10,Surname10,user10@gmail.com,Berlin,Hungary,2148,2807487975319407
Username11,Name11,Surname11,user11@gmail.com,Lviv,Ukraine,5241,1285634393491417
Username12,Name12,Surname12,user12@gmail.com,Berlin,Poland,8048,6213466459669936
Username13,Name13,Surname13,user13@gmail.com,NY,USA,5629,2529455794944819
Username14,Name14,Surname14,user14@gmail.com,Lublin,Germany,822,3553650449770051
Username15,Name15,Surname15,user15@gmail.com,Berlin,Hungary,2744,5924983672273876
Username16,Name16,Surname16,user16@gmail.com,Lviv,Ukraine,8266,9137813662543868
Username17,Name17,Surname17,user17@gmail.com,Berlin,Poland,5596,8909911526063201
Username18,Name18,Surname18,user18@gmail.com,NY,USA,174,7058391966245754
Username19,Name19,Surname19,user19@gmail.com,Lublin,Germany,3293,7153808287166730
Username20,Name20,Surname20,user20@gmail.com,Berlin,Hungary,8741,6230311354526881
Username21,Name21,Surname21,user21@gmail.com,Lviv,Ukraine,4558,8381058262995111
Username22,Name22,Surname22,user22@gmail.com,Berlin,Poland,423,3194930020569308
Username23,Name23,Surname23,user23@gmail.com,NY,USA,994,1324300064512518
Username24,Name24,Surname24,user24@gmail.com,Lublin,Germany,1514,4596309003142776
Username25,Name25,Surname25,user25@gmail.com,Berlin,Hungary,5463,7235826585866842
Username26,Name26,Surname26,user26@gmail.com,Lviv,Ukraine,3413,2744438239017068
Username27,Name27,Surname27,user27@gmail.com,Berlin,Poland,5446,9961294169447022
Username28,Name28,Surname28,user28@gmail.com,NY,USA,9147,3225114679531875
Username29,Name29,Surname29,user29@gmail.com,Lublin,Germany,2704,6010683246254278
Username30,Name30,Surname30,user30@gmail.com,Berlin,Hungary,8659,4961859264694182
Username1,Name1,Surname1,user1@gmail.com,Lviv,Ukraine,6555,2472584134058162
Username2,Name2,Surname2,user2@gmail.com,Berlin,Poland,8023,647544724541369
Username3,Name3,Surname3,user3@gmail.com,NY,USA,5123,1003952669178116
Username4,Name4,Surname4,user4@gmail.com,Lublin,Germany,7889,7083131545771650
Username5,Name5,Surname5,user5@gmail.com,Berlin,Hungary,1430,9007611830375202
Username6,Name6,Surname6,user6@gmail.com,Lviv,Ukraine,277,3437897830802598
Username7,Name7,Surname7,user7@gmail.com,Berlin,Poland,1015,2994290652489233
Username8,Name8,Surname8,user8@gmail.com,NY,USA,31,9883514276928900
Username9,Name9,Surname9,user9@gmail.com,Lublin,Germany,8733,7516432865478861
Username10,Name10,Surname10,user10@gmail.com,Berlin,Hungary,9777,1757197486523056
Username11,Name11,Surname11,user11@gmail.com,Lviv,Ukraine,5089,8111217474031152
Username12,Name12,Surname12,user12@gmail.com,Berlin,Poland,6432,8131618179173030
Username13,Name13,Surname13,user13@gmail.com,NY,USA,4608,6598393704070942
Username14,Name14,Surname14,user14@gmail.com,Lublin,Germany,240,7843318460639759
Username15,Name15,Surname15,user15@gmail.com,Berlin,Hungary,2477,6275055813743247
Username16,Name16,Surname16,user16@gmail.com,Lviv,Ukraine,928,7748308709027534
Username17,Name17,Surname17,user17@gmail.com,Berlin,Poland,4438,1169318752784893
Username18,Name18,Surname18,user18@gmail.com,NY,USA,5392,7358734810263250
Username19,Name19,Surname19,user19@gmail.com,Lublin,Germany,1500,7557728716434282
Username20,Name20,Surname20,user20@gmail.com,Berlin,Hungary,2144,8479045846085322
Username21,Name21,Surname21,user21@gmail.com,Lviv,Ukraine,560,1749501207383288
Username22,Name22,Surname22,user22@gmail.com,Berlin,Poland,764,2851050457198227
Username23,Name23,Surname23,user23@gmail.com,NY,USA,2619,2629579644362227
Username24,Name24,Surname24,user24@gmail.com,Lublin,Germany,3393,3464665772594659
Username25,Name25,Surname25,user25@gmail.com,Berlin,Hungary,9489,4256187410357908
Username26,Name26,Surname26,user26@gmail.com,Lviv,Ukraine,4503,7478624139020611
Username27,Name27,Surname27,user27@gmail.com,Berlin,Poland,1050,5841554627352412
Username28,Name28,Surname28,user28@gmail.com,NY,USA,5832,8737470951923545
Username29,Name29,Surname29,user29@gmail.com,Lublin,Germany,4442,9103076788954944
Username30,Name30,Surname30,user30@gmail.com,Berlin,Hungary,8325,70936967498504
Username1,Name1,Surname1,user1@gmail.com,Lviv,Ukraine,866,5863646873719617
Username2,Name2,Surname2,user2@gmail.com,Berlin,Poland,36,2803443452249667
Username3,Name3,Surname3,user3@gmail.com,NY,USA,1350,5881317796970089
Username4,Name4,Surname4,user4@gmail.com,Lublin,Germany,1343,8302330227511194
Username5,Name5,Surname5,user5@gmail.com,Berlin,Hungary,486,3588387384732547
Username6,Name6,Surname6,user6@gmail.com,Lviv,Ukraine,8639,2211659841324413
Username7,Name7,Surname7,user7@gmail.com,Berlin,Poland,4327,7782741270082061
Username8,Name8,Surname8,user8@gmail.com,NY,USA,4012,6993960228303155
Username9,Name9,Surname9,user9@gmail.com,Lublin,Germany,2038,9973991477967026
Username10,Name10,Surname10,user10@gmail.com,Berlin,Hungary,6497,3869633945035740
Username11,Name11,Surname11,user11@gmail.com,Lviv,Ukraine,6855,5369361964496753
Username12,Name12,Surname12,user12@gmail.com,Berlin,Poland,3616,1848839496716536
Username13,Name13,Surname13,user13@gmail.com,NY,USA,7480,4103369684244160
Username14,Name14,Surname14,user14@gmail.com,Lublin,Germany,7733,9277173585873236
Username15,Name15,Surname15,user15@gmail.com,Berlin,Hungary,8675,1055611955125890
Username16,Name16,Surname16,user16@gmail.com,Lviv,Ukraine,6138,7455680635535560
Username17,Name17,Surname17,user17@gmail.com,Berlin,Poland,9578,7767033042547598
Username18,Name18,Surname18,user18@gmail.com,NY,USA,9436,4988105636750046
Username19,Name19,Surname19,user19@gmail.com,Lublin,Germany,8279,4222289027321844
Username20,Name20,Surname20,user20@gmail.com,Berlin,Hungary,1627,6841615338740159
Username21,Name21,Surname21,user21@gmail.com,Lviv,Ukraine,3650,4597730077289719
Username22,Name22,Surname22,user22@gmail.com,Berlin,Poland,2539,9237865027000404
Username23,Name23,Surname23,user23@gmail.com,NY,USA,6691,2817381691117480
Username24,Name24,Surname24,user24@gmail.com,Lublin,Germany,341,2368054968495370
Username25,Name25,Surname25,user25@gmail.com,Berlin,Hungary,6092,7475371473552741
Username26,Name26,Surname26,user26@gmail.com,Lviv,Ukraine,5935,693984298999859
Username27,Name27,Surname27,user27@gmail.com,Berlin,Poland,9805,5871935471041720
Username28,Name28,Surname28,user28@gmail.com,NY,USA,7052,5644869442786089
Username29,Name29,Surname29,user29@gmail.com,Lublin,Germany,8178,6594625604563724
Username30,Name30,Surname30,user30@gmail.com,Berlin,Hungary,4555,7523409262491738
Username1,Name1,Surname1,user1@gmail.com,Lviv,Ukraine,7133,1303738762604476
Username2,Name2,Surname2,user2@gmail.com,Berlin,Poland,7126,7370532954787385
Username3,Name3,Surname3,user3@gmail.com,NY,USA,2549,8290338711055969
Username4,Name4,Surname4,user4@gmail.com,Lublin,Germany,7637,8601754659560648
Username5,Name5,Surname5,user5@gmail.com,Berlin,Hungary,7836,6971427979296227
Username6,Name6,Surname6,user6@gmail.com,Lviv,Ukraine,9528,6220490777493317
Username7,Name7,Surname7,user7@gmail.com,Berlin,Poland,5645,4869438945873508
Username8,Name8,Surname8,user8@gmail.com,NY,USA,8440,3681176875389771
Username9,Name9,Surname9,user9@gmail.com,Lublin,Germany,152,4957106277574632
Username10,Name10,Surname10,user10@gmail.com,Berlin,Hungary,3061,6742851269164398
Username11,Name11,Surname11,user11@gmail.com,Lviv,Ukraine,1880,3556942677630506
Username12,Name12,Surname12,user12@gmail.com,Berlin,Poland,7483,8348516454711055
Username13,Name13,Surname13,user13@gmail.com,NY,USA,1989,1019797312666419
Username14,Name14,Surname14,user14@gmail.com,Lublin,Germany,7125,905102171671901
Username15,Name15,Surname15,user15@gmail.com,Berlin,Hungary,8344,7005070978227512
Username16,Name16,Surname16,user16@gmail.com,Lviv,Ukraine,3288,598629602046896
Username17,Name17,Surname17,user17@gmail.com,Berlin,Poland,6621,9088428361777294
Username18,Name18,Surname18,user18@gmail.com,NY,USA,2095,8671164517121137
Username19,Name19,Surname19,user19@gmail.com,Lublin,Germany,1523,1880109062636668
Username20,Name20,Surname20,user20@gmail.com,Berlin,Hungary,7021,4327813299229379
Username21,Name21,Surname21,user21@gmail.com,Lviv,Ukraine,3778,4857069785435568
Username22,Name22,Surname22,user22@gmail.com,Berlin,Poland,6844,1816406236326022
Username23,Name23,Surname23,user23@gmail.com,NY,USA,4328,3783214243162414
Username24,Name24,Surname24,user24@gmail.com,Lublin,Germany,9176,4397206281511028
Username25,Name25,Surname25,user25@gmail.com,Berlin,Hungary,6523,3395715362823026
Username26,Name26,Surname26,user26@gmail.com,Lviv,Ukraine,9042,4930078758138325
Username27,Name27,Surname27,user27@gmail.com,Berlin,Poland,8258,823233985829068
Username28,Name28,Surname28,user28@gmail.com,NY,USA,9478,7759810840080854
Username29,Name29,Surname29,user29@gmail.com,Lublin,Germany,3903,425676925500442
Username30,Name30,Surname30,user30@gmail.com,Berlin,Hungary,6354,8824748143687793
Username1,Name1,Surname1,user1@gmail.com,Lviv,Ukraine,3901,9254943648780700
Username2,Name2,Surname2,user2@gmail.com,Berlin,Poland,9771,5073832977391977
Username3,Name3,Surname3,user3@gmail.com,NY,USA,5536,3815216338024929
Username4,Name4,Surname4,user4@gmail.com,Lublin,Germany,915,7281391381940086
Username5,Name5,Surname5,user5@gmail.com,Berlin,Hungary,2316,3727414450980828
Username6,Name6,Surname6,user6@gmail.com,Lviv,Ukraine,3541,6492940950927308
Username7,Name7,Surname7,user7@gmail.com,Berlin,Poland,7341,8584884135410142
Username8,Name8,Surname8,user8@gmail.com,NY,USA,2370,1112545705738445
Username9,Name9,Surname9,user9@gmail.com,Lublin,Germany,4133,3152345591339689
Username10,Name10,Surname10,user10@gmail.com,Berlin,Hungary,1127,7676976364725130
Username11,Name11,Surname11,user11@gmail.com,Lviv,Ukraine,408,5558275285863721
Username12,Name12,Surname12,user12@gmail.com,Berlin,Poland,9190,3377932549766349
Username13,Name13,Surname13,user13@gmail.com,NY,USA,5272,7741152153526396
Username14,Name14,Surname14,user14@gmail.com,Lublin,Germany,1719,3102675253898796
Username15,Name15,Surname15,user15@gmail.com,Berlin,Hungary,9623,5312032992061171
Username16,Name16,Surname16,user16@gmail.com,Lviv,Ukraine,6024,4769318587440070
Username17,Name17,Surname17,user17@gmail.com,Berlin,Poland,327,9672234681784968
Username18,Name18,Surname18,user18@gmail.com,NY,USA,5290,7193269472606418
Username19,Name19,Surname19,user19@gmail.com,Lublin,Germany,9742,1945502639655343
Username20,Name20,Surname20,user20@gmail.com,Berlin,Hungary,3332,3951516159199899
Username21,Name21,Surname21,user21@gmail.com,Lviv,Ukraine,7429,6102362010304332
Username22,Name22,Surname22,user22@gmail.com,Berlin,Poland,2958,3508456416063024
Username23,Name23,Surname23,user23@gmail.com,NY,USA,8726,7929873828411576
Username24,Name24,Surname24,user24@gmail.com,Lublin,Germany,9375,3889770920354063
Username25,Name25,Surname25,user25@gmail.com,Berlin,Hungary,7965,3543626008396210
Username26,Name26,Surname26,user26@gmail.com,Lviv,Ukraine,9764,3225854569349258
Username27,Name27,Surname27,user27@gmail.com,Berlin,Poland,6730,5649706639726051
Username28,Name28,Surname28,user28@gmail.com,NY,USA,5567,8261968855035851
Username29,Name29,Surname29,user29@gmail.com,Lublin,Germany,817,3496576095613868
Username30,Name30,Surname30,user30@gmail.com,Berlin,Hungary,480,3992170337537233
Username1,Name1,Surname1,user1@gmail.com,Lviv,Ukraine,8280,4295801931118208
Username2,Name2,Surname2,user2@gmail.com,Berlin,Poland,1168,354538527359979
Username3,Name3,Surname3,user3@gmail.com,NY,USA,9368,9685212453876522
Username4,Name4,Surname4,user4@gmail.com,Lublin,Germany,7424,7089363320821624
Username5,Name5,Surname5,user5@gmail.com,Berlin,Hungary,5234,110509626883661
Username6,Name6,Surname6,user6@gmail.com,Lviv,Ukraine,1203,466189496036366
Username7,Name7,Surname7,user7@gmail.com,Berlin,Poland,7562,7770900784944854
Username8,Name8,Surname8,user8@gmail.com,NY,USA,9811,1597851613312078
Username9,Name9,Surname9,user9@gmail.com,Lublin,Germany,7526,8229215419280422
Username10,Name10,Surname10,user10@gmail.com,Berlin,Hungary,8621,3814054055830242
Username11,Name11,Surname11,user11@gmail.com,Lviv,Ukraine,7454,1358314741851010
Username12,Name12,Surname12,user12@gmail.com,Berlin,Poland,8516,2401160922568455
Username13,Name13,Surname13,user13@gmail.com,NY,USA,639,6180089353934730
Username14,Name14,Surname14,user14@gmail.com,Lublin,Germany,2372,6438618927994728
Username15,Name15,Surname15,user15@gmail.com,Berlin,Hungary,1904,1894319821546315
Username16,Name16,Surname16,user16@gmail.com,Lviv,Ukraine,2610,7967434792585235
Username17,Name17,Surname17,user17@gmail.com,Berlin,Poland,4134,6525337719997402
Username18,Name18,Surname18,user18@gmail.com,NY,USA,3155,412278162722345
Username19,Name19,Surname19,user19@gmail.com,Lublin,Germany,2968,7029178079705685
Username20,Name20,Surname20,user20@gmail.com,Berlin,Hungary,5008,327430049265062
Username21,Name21,Surname21,user21@gmail.com,Lviv,Ukraine,731,5684191731126991
Username22,Name22,Surname22,user22@gmail.com,Berlin,Poland,2217,3975018023090049
Username23,Name23,Surname23,user23@gmail.com,NY,USA,999,7428267907748045
Username24,Name24,Surname24,user24@gmail.com,Lublin,Germany,270,7602100942151417
Username25,Name25,Surname25,user25@gmail.com,Berlin,Hungary,3481,7950570956069265
Username26,Name26,Surname26,user26@gmail.com,Lviv,Ukraine,3034,4460456315595704
Username27,Name27,Surname27,user27@gmail.com,Berlin,Poland,3405,4310205333571362
Username28,Name28,Surname28,user28@gmail.com,NY,USA,3711,3564306993136497
Username29,Name29,Surname29,user29@gmail.com,Lublin,Germany,7302,8783056741083284
Username30,Name30,Surname30,user30@gmail.com,Berlin,Hungary,2999,99898197741723
Username1,Name1,Surname1,user1@gmail.com,Lviv,Ukraine,7185,888297128271309
Username2,Name2,Surname2,user2@gmail.com,Berlin,Poland,7309,9081055251417716
Username3,Name3,Surname3,user3@gmail.com,NY,USA,8909,4505092498021175
Username4,Name4,Surname4,user4@gmail.com,Lublin,Germany,5516,3593933146369366
Username5,Name5,Surname5,user5@gmail.com,Berlin,Hungary,8374,2215685485198204
Username6,Name6,Surname6,user6@gmail.com,Lviv,Ukraine,9443,84355824247543
Username7,Name7,Surname7,user7@gmail.com,Berlin,Poland,1600,3977966676558668
Username8,Name8,Surname8,user8@gmail.com,NY,USA,4713,9349801475981372
Username9,Name9,Surname9,user9@gmail.com,Lublin,Germany,4727,3519778010752543
Username10,Name10,Surname10,user10@gmail.com,Berlin,Hungary,6662,372807947497555
Username11,Name11,Surname11,user11@gmail.com,Lviv,Ukraine,3494,7225776799163535
Username12,Name12,Surname12,user12@gmail.com,Berlin,Poland,973,3786791269130252
Username13,Name13,Surname13,user13@gmail.com,NY,USA,1901,7384211930132587
Username14,Name14,Surname14,user14@gmail.com,Lublin,Germany,1932,7994629446620114
Username15,Name15,Surname15,user15@gmail.com,Berlin,Hungary,1356,6221865943353950
Username16,Name16,Surname16,user16@gmail.com,Lviv,Ukraine,1864,5911973899456624
Username17,Name17,Surname17,user17@gmail.com,Berlin,Poland,2114,6270649442434850
Username18,Name18,Surname18,user18@gmail.com,NY,USA,7170,6736927905571164
Username19,Name19,Surname19,user19@gmail.com,Lublin,Germany,3194,1296576096278738
Username20,Name20,Surname20,user20@gmail.com,Berlin,Hungary,6248,7901454514434916
Username21,Name21,Surname21,user21@gmail.com,Lviv,Ukraine,4582,3996926366161410
Username22,Name22,Surname22,user22@gmail.com,Berlin,Poland,2332,1804664674404532
Username23,Name23,Surname23,user23@gmail.com,NY,USA,730,8409697270327401
Username24,Name24,Surname24,user24@gmail.com,Lublin,Germany,9889,6494923290497683
Username25,Name25,Surname25,user25@gmail.com,Berlin,Hungary,370,3216680276226060
Username26,Name26,Surname26,user26@gmail.com,Lviv,Ukraine,7500,5246721599482809
Username27,Name27,Surname27,user27@gmail.com,Berlin,Poland,3664,9106360909102848
Username28,Name28,Surname28,user28@gmail.com,NY,USA,4526,2438638976637843
Username29,Name29,Surname29,user29@gmail.com,Lublin,Germany,4492,440546600942259
Username30,Name30,Surname30,user30@gmail.com,Berlin,Hungary,1138,9705175077971166
Username1,Name1,Surname1,user1@gmail.com,Lviv,Ukraine,1909,1461619054806668
Username2,Name2,Surname2,user2@gmail.com,Berlin,Poland,8540,4214733336984915
Username3,Name3,Surname3,user3@gmail.com,NY,USA,3877,9584300508618868
Username4,Name4,Surname4,user4@gmail.com,Lublin,Germany,4821,5066261363819196
Username5,Name5,Surname5,user5@gmail.com,Berlin,Hungary,313,3010054550647443
Username6,Name6,Surname6,user6@gmail.com,Lviv,Ukraine,3015,3422135522780480
Username7,Name7,Surname7,user7@gmail.com,Berlin,Poland,886,3865775036445342
Username8,Name8,Surname8,user8@gmail.com,NY,USA,1126,939643858860341
Username9,Name9,Surname9,user9@gmail.com,Lublin,Germany,9849,9883811591086208
Username10,Name10,Surname10,user10@gmail.com,Berlin,Hungary,5457,2734477746808907
Username11,Name11,Surname11,user11@gmail.com,Lviv,Ukraine,4774,4001952830205064
Username12,Name12,Surname12,user12@gmail.com,Berlin,Poland,5320,3580329073299846
Username13,Name13,Surname13,user13@gmail.com,NY,USA,2575,3845141493585056
Username14,Name14,Surname14,user14@gmail.com,Lublin,Germany,2151,7063560344558060
Username15,Name15,Surname15,user15@gmail.com,Berlin,Hungary,1970,5207024831039742
Username16,Name16,Surname16,user16@gmail.com,Lviv,Ukraine,1529,4983051856880083
Username17,Name17,Surname17,user17@gmail.com,Berlin,Poland,1493,7178423322886278
Username18,Name18,Surname18,user18@gmail.com,NY,USA,14,4032863158060462
Username19,Name19,Surname19,user19@gmail.com,Lublin,Germany,7602,3833899235015501
Username20,Name20,Surname20,user20@gmail.com,Berlin,Hungary,2869,2726727047061190
Username21,Name21,Surname21,user21@gmail.com,Lviv,Ukraine,9948,1258153446416623
Username22,Name22,Surname22,user22@gmail.com,Berlin,Poland,4098,8719588033398438
Username23,Name23,Surname23,user23@gmail.com,NY,USA,2074,8982633425952085
Username24,Name24,Surname24,user24@gmail.com,Lublin,Germany,146,1105464671181928
Username25,Name25,Surname25,user25@gmail.com,Berlin,Hungary,9231,6147867572756018
Username26,Name26,Surname26,user26@gmail.com,Lviv,Ukraine,1583,4438924511348288
Username27,Name27,Surname27,user27@gmail.com,Berlin,Poland,9129,8285397645353516
Username28,Name28,Surname28,user28@gmail.com,NY,USA,3310,4610788779442305
Username29,Name29,Surname29,user29@gmail.com,Lublin,Germany,9382,5154833820657911
Username30,Name30,Surname30,user30@gmail.com,Berlin,Hungary,680,9354360689774628
Username1,Name1,Surname1,user1@gmail.com,Lviv,Ukraine,5749,3930304165846514
Username2,Name2,Surname2,user2@gmail.com,Berlin,Poland,5644,6705220191410917
Username3,Name3,Surname3,user3@gmail.com,NY,USA,3590,2502370701496172
Username4,Name4,Surname4,user4@gmail.com,Lublin,Germany,7446,2900563128891933
Username5,Name5,Surname5,user5@gmail.com,Berlin,Hungary,2801,6515552602785966
Username6,Name6,Surname6,user6@gmail.com,Lviv,Ukraine,5121,9741821124703512
Username7,Name7,Surname7,user7@gmail.com,Berlin,Poland,150,4050657288374222
Username8,Name8,Surname8,user8@gmail.com,NY,USA,9190,4474947445475947
Username9,Name9,Surname9,user9@gmail.com,Lublin,Germany,2829,1922805364482738
Username10,Name10,Surname10,user10@gmail.com,Berlin,Hungary,123,3994001542098093
Username11,Name11,Surname11,user11@gmail.com,Lviv,Ukraine,7537,6918940655141383
Username12,Name12,Surname12,user12@gmail.com,Berlin,Poland,1303,1269703734483140
Username13,Name13,Surname13,user13@gmail.com,NY,USA,1262,4514546931093664
Username14,Name14,Surname14,user14@gmail.com,Lublin,Germany,651,9153254672131856
Username15,Name15,Surname15,user15@gmail.com,Berlin,Hungary,6483,6756594047536280
Username16,Name16,Surname16,user16@gmail.com,Lviv,Ukraine,2903,8747650652012910
Username17,Name17,Surname17,user17@gmail.com,Berlin,Poland,6161,2928190271991684
Username18,Name18,Surname18,user18@gmail.com,NY,USA,4803,2668045108665475
Username19,Name19,Surname19,user19@gmail.com,Lublin,Germany,8627,8019807738571811
Username20,Name20,Surname20,user20@gmail.com,Berlin,Hungary,7603,1539961288318110
Username21,Name21,Surname21,user21@gmail.com,Lviv,Ukraine,9764,7161670223814254
Username22,Name22,Surname22,user22@gmail.com,Berlin,Poland,6701,7612449965577275
Username23,Name23,Surname23,user23@gmail.com,NY,USA,3885,4273898363779187
Username24,Name24,Surname24,user24@gmail.com,Lublin,Germany,2120,8275608462163389
Username25,Name25,Surname25,user25@gmail.com,Berlin,Hungary,1338,1384694366333148
Username26,Name26,Surname26,user26@gmail.com,Lviv,Ukraine,3653,6435155692918908
Username27,Name27,Surname27,user27@gmail.com,Berlin,Poland,1767,3246670187867835
Username28,Name28,Surname28,user28@gmail.com,NY,USA,9581,2057809321933175
Username29,Name29,Surname29,user29@gmail.com,Lublin,Germany,4704,2936159409192820
Username30,Name30,Surname30,user30@gmail.com,Berlin,Hungary,6977,7075388788535937
Username1,Name1,Surname1,user1@gmail.com,Lviv,Ukraine,9348,4071163173483691
Username2,Name2,Surname2,user2@gmail.com,Berlin,Poland,6959,1882833140572086
Username3,Name3,Surname3,user3@gmail.com,NY,USA,16,1867137102348319
Username4,Name4,Surname4,user4@gmail.com,Lublin,Germany,1889,4009062615463190
Username5,Name5,Surname5,user5@gmail.com,Berlin,Hungary,2838,4173013292569529
Username6,Name6,Surname6,user6@gmail.com,Lviv,Ukraine,6662,696486018423330
Username7,Name7,Surname7,user7@gmail.com,Berlin,Poland,8569,306569102268778
Username8,Name8,Surname8,user8@gmail.com,NY,USA,8625,706481678003692
Username9,Name9,Surname9,user9@gmail.com,Lublin,Germany,5002,4304134828054333
Username10,Name10,Surname10,user10@gmail.com,Berlin,Hungary,9253,7742946469065839
Username11,Name11,Surname11,user11@gmail.com,Lviv,Ukraine,1227,1849245978600011
Username12,Name12,Surname12,user12@gmail.com,Berlin,Poland,8692,307410908893572
Username13,Name13,Surname13,user13@gmail.com,NY,USA,799,815845761880329
Username14,Name14,Surname14,user14@gmail.com,Lublin,Germany,3809,89178640097495
Username15,Name15,Surname15,user15@gmail.com,Berlin,Hungary,8576,3886004363816526
Username16,Name16,Surname16,user16@gmail.com,Lviv,Ukraine,2414,3939080510184662
Username17,Name17,Surname17,user17@gmail.com,Berlin,Poland,4878,182978047971431
Username18,Name18,Surname18,user18@gmail.com,NY,USA,6469,359767265725023
Username19,Name19,Surname19,user19@gmail.com,Lublin,Germany,9441,9080593664876608
Username20,Name20,Surname20,user20@gmail.com,Berlin,Hungary,8803,6394096215259435
Username21,Name21,Surname21,user21@gmail.com,Lviv,Ukraine,5506,2665181660338873
Username22,Name22,Surname22,user22@gmail.com,Berlin,Poland,3884,468101709605859
Username23,Name23,Surname23,user23@gmail.com,NY,USA,8233,9287088162046608
Username24,Name24,Surname24,user24@gmail.com,Lublin,Germany,8773,6136677936622046
Username25,Name25,Surname25,user25@gmail.com,Berlin,Hungary,3410,3768201666571762
Username26,Name26,Surname26,user26@gmail.com,Lviv,Ukraine,9508,9220569725440240
Username27,Name27,Surname27,user27@gmail.com,Berlin,Poland,1323,8400026684983450
Username28,Name28,Surname28,user28@gmail.com,NY,USA,6759,4276076664575150
Username29,Name29,Surname29,user29@gmail.com,Lublin,Germany,6732,5309317659931956
Username30,Name30,Surname30,user30@gmail.com,Berlin,Hungary,2246,8889688691056767
Username1,Name1,Surname1,user1@gmail.com,Lviv,Ukraine,9121,8859926353954977
Username2,Name2,Surname2,user2@gmail.com,Berlin,Poland,6292,7956475654697239
Username3,Name3,Surname3,user3@gmail.com,NY,USA,8937,2516081850298757
Username4,Name4,Surname4,user4@gmail.com,Lublin,Germany,8781,1125287695166952
Username5,Name5,Surname5,user5@gmail.com,Berlin,Hungary,8267,1799076653125650
Username6,Name6,Surname6,user6@gmail.com,Lviv,Ukraine,2694,9493458988079546
Username7,Name7,Surname7,user7@gmail.com,Berlin,Poland,8714,6672660740107177
Username8,Name8,Surname8,user8@gmail.com,NY,USA,5495,1036539361657247
Username9,Name9,Surname9,user9@gmail.com,Lublin,Germany,7459,9129571084768928
Username10,Name10,Surname10,user10@gmail.com,Berlin,Hungary,7699,2539270434901439
Username11,Name11,Surname11,user11@gmail.com,Lviv,Ukraine,4168,388853709466481
Username12,Name12,Surname12,user12@gmail.com,Berlin,Poland,872,3154623878090765
Username13,Name13,Surname13,user13@gmail.com,NY,USA,3115,7503009881283491
Username14,Name14,Surname14,user14@gmail.com,Lublin,Germany,91,9503484000510118
Username15,Name15,Surname15,user15@gmail.com,Berlin,Hungary,4013,2987216532003607
Username16,Name16,Surname16,user16@gmail.com,Lviv,Ukraine,3924,6778748657231846
Username17,Name17,Surname17,user17@gmail.com,Berlin,Poland,8360,5152400696743000
Username18,Name18,Surname18,user18@gmail.com,NY,USA,4439,5662467939376530
Username19,Name19,Surname19,user19@gmail.com,Lublin,Germany,6064,5474396384912337
Username20,Name20,Surname20,user20@gmail.com,Berlin,Hungary,6444,1500610181586110
Username21,Name21,Surname21,user21@gmail.com,Lviv,Ukraine,4042,4337493396014415
Username22,Name22,Surname22,user22@gmail.com,Berlin,Poland,3655,524959861820506
Username23,Name23,Surname23,user23@gmail.com,NY,USA,7443,988692840065619
Username24,Name24,Surname24,user24@gmail.com,Lublin,Germany,1575,5003375639397778
Username25,Name25,Surname25,user25@gmail.com,Berlin,Hungary,4886,7824558267628008
Username26,Name26,Surname26,user26@gmail.com,Lviv,Ukraine,7188,1057149671775239
Username27,Name27,Surname27,user27@gmail.com,Berlin,Poland,7201,1642667694363415
Username28,Name28,Surname28,user28@gmail.com,NY,USA,5789,1187963040271382
Username29,Name29,Surname29,user29@gmail.com,Lublin,Germany,1505,8058574156276956
Username30,Name30,Surname30,user30@gmail.com,Berlin,Hungary,8794,1552218239920533
Username1,Name1,Surname1,user1@gmail.com,Lviv,Ukraine,6113,6215398399351875
Username2,Name2,Surname2,user2@gmail.com,Berlin,Poland,627,2730811587087065
Username3,Name3,Surname3,user3@gmail.com,NY,USA,9364,3237720693931294
Username4,Name4,Surname4,user4@gmail.com,Lublin,Germany,7472,5286330482891930
Username5,Name5,Surname5,user5@gmail.com,Berlin,Hungary,5733,1824729718018225
Username6,Name6,Surname6,user6@gmail.com,Lviv,Ukraine,7037,4915865544569498
Username7,Name7,Surname7,user7@gmail.com,Berlin,Poland,4452,4820676405443318
Username8,Name8,Surname8,user8@gmail.com,NY,USA,6256,552432338702828
Username9,Name9,Surname9,user9@gmail.com,Lublin,Germany,5008,7678526986918419
Username10,Name10,Surname10,user10@gmail.com,Berlin,Hungary,4479,6452685683285313
Username11,Name11,Surname11,user11@gmail.com,Lviv,Ukraine,251,1978827202506254
Username12,Name12,Surname12,user12@gmail.com,Berlin,Poland,1092,1249095455981270
Username13,Name13,Surname13,user13@gmail.com,NY,USA,7880,9288870373504250
Username14,Name14,Surname14,user14@gmail.com,Lublin,Germany,4045,1369112326448385
Username15,Name15,Surname15,user15@gmail.com,Berlin,Hungary,9896,1397099483662940
Username16,Name16,Surname16,user16@gmail.com,Lviv,Ukraine,8382,2543389444492596
Username17,Name17,Surname17,user17@gmail.com,Berlin,Poland,8602,8386564606663269
Username18,Name18,Surname18,user18@gmail.com,NY,USA,1135,1619834764076604
Username19,Name19,Surname19,user19@gmail.com,Lublin,Germany,6617,8134286777021236
Username20,Name20,Surname20,user20@gmail.com,Berlin,Hungary,687,3703310039965515
Username21,Name21,Surname21,user21@gmail.com,Lviv,Ukraine,2657,4874163148956581
Username22,Name22,Surname22,user22@gmail.com,Berlin,Poland,2510,9967517571796088
Username23,Name23,Surname23,user23@gmail.com,NY,USA,1796,6641977396174439
Username24,Name24,Surname24,user24@gmail.com,Lublin,Germany,5692,1484557528520091
Username25,Name25,Surname25,user25@gmail.com,Berlin,Hungary,5738,7654893952772623
Username26,Name26,Surname26,user26@gmail.com,Lviv,Ukraine,6140,5891198851536332
Username27,Name27,Surname27,user27@gmail.com,Berlin,Poland,5181,2721308878944997
Username28,Name28,Surname28,user28@gmail.com,NY,USA,6613,9699403143970074
Username29,Name29,Surname29,user29@gmail.com,Lublin,Germany,7098,9733253367530660
Username30,Name30,Surname30,user30@gmail.com,Berlin,Hungary,6833,239692116023901
Username1,Name1,Surname1,user1@gmail.com,Lviv,Ukraine,1831,8246089200821145
Username2,Name2,Surname2,user2@gmail.com,Berlin,Poland,8538,3675969054934560
Username3,Name3,Surname3,user3@gmail.com,NY,USA,8939,8648298456319372
Username4,Name4,Surname4,user4@gmail.com,Lublin,Germany,581,257797041512837
Username5,Name5,Surname5,user5@gmail.com,Berlin,Hungary,2937,9393332888499554
Username6,Name6,Surname6,user6@gmail.com,Lviv,Ukraine,6251,3599714098151683
Username7,Name7,Surname7,user7@gmail.com,Berlin,Poland,5923,5985427288105394
Username8,Name8,Surname8,user8@gmail.com,NY,USA,7479,9494923154651174
Username9,Name9,Surname9,user9@gmail.com,Lublin,Germany,6349,2193680301772946
Username10,Name10,Surname10,user10@gmail.com,Berlin,Hungary,1814,9336067407197916